"prop_2","prop_3_low_ci","prop_3_high_ci","prop_3_mean"
5.4000000000002,5.01407402912796,5.63265648986244,5.3233652594952
